Sex,Job,Housing,Purpose,Risk,Age range,Credit amount range,Duration range
male,2,own,radio/TV,good,60-75,0-5K,0-10
female,2,own,radio/TV,bad,15-30,5K-10K,41-80
male,1,own,education,good,45-60,0-5K,11-20
male,2,free,furniture/equipment,good,45-60,5K-10K,41-80
male,2,free,car,bad,45-60,0-5K,21-30
male,1,free,education,good,30-45,5K-10K,31-40
male,2,own,furniture/equipment,good,45-60,0-5K,21-30
male,3,rent,car,good,30-45,5K-10K,31-40
male,1,own,radio/TV,good,60-75,0-5K,11-20
male,3,own,car,bad,15-30,5K-10K,31-40
female,2,rent,car,bad,15-30,0-5K,11-20
female,2,rent,business,bad,15-30,0-5K,41-80
female,2,own,radio/TV,good,15-30,0-5K,11-20
male,1,own,car,bad,60-75,0-5K,21-30
female,2,rent,car,good,15-30,0-5K,11-20
female,1,own,radio/TV,bad,30-45,0-5K,21-30
male,2,own,radio/TV,good,45-60,0-5K,21-30
male,2,own,business,good,15-30,5K-10K,31-40
female,3,free,car,bad,30-45,10K-15K,21-30
male,2,own,radio/TV,good,30-45,0-5K,21-30
male,2,own,car,good,45-60,0-5K,0-10
male,2,rent,radio/TV,good,30-45,0-5K,0-10
male,1,rent,car,good,45-60,0-5K,11-20
male,2,own,car,good,30-45,0-5K,11-20
male,2,own,furniture/equipment,good,15-30,0-5K,11-20
male,1,own,furniture/equipment,good,30-45,0-5K,0-10
male,1,own,radio/TV,good,30-45,0-5K,0-10
female,2,rent,radio/TV,good,30-45,0-5K,11-20
male,2,own,radio/TV,good,30-45,0-5K,0-10
male,2,own,business,bad,60-75,5K-10K,41-80
male,2,own,business,good,30-45,0-5K,11-20
male,2,own,furniture/equipment,good,15-30,0-5K,21-30
male,2,own,car,good,30-45,5K-10K,11-20
male,1,rent,business,good,45-60,0-5K,11-20
female,3,own,furniture/equipment,good,30-45,0-5K,11-20
male,1,own,radio/TV,bad,15-30,0-5K,41-80
male,2,free,education,good,30-45,5K-10K,41-80
male,2,own,radio/TV,bad,30-45,0-5K,11-20
male,2,own,domestic appliances,good,30-45,0-5K,11-20
male,2,own,radio/TV,good,15-30,0-5K,0-10
male,3,own,radio/TV,good,30-45,0-5K,31-40
male,2,own,radio/TV,good,15-30,0-5K,11-20
male,1,own,repairs,good,30-45,5K-10K,11-20
male,2,rent,car,good,15-30,5K-10K,31-40
female,1,free,car,bad,45-60,5K-10K,41-80
female,3,own,car,good,30-45,0-5K,11-20
male,2,own,radio/TV,good,30-45,0-5K,31-40
female,0,rent,car,good,15-30,0-5K,0-10
male,1,own,car,good,30-45,5K-10K,11-20
female,2,own,radio/TV,good,15-30,0-5K,11-20
male,1,own,furniture/equipment,good,15-30,0-5K,21-30
male,3,own,car,good,30-45,5K-10K,21-30
male,2,own,radio/TV,good,15-30,0-5K,11-20
male,2,own,car,good,30-45,0-5K,11-20
male,2,free,car,bad,45-60,0-5K,31-40
male,1,own,car,good,15-30,0-5K,0-10
male,3,own,radio/TV,bad,45-60,5K-10K,11-20
female,2,own,radio/TV,good,30-45,5K-10K,31-40
female,3,own,car,good,15-30,0-5K,11-20
female,1,rent,furniture/equipment,bad,15-30,5K-10K,31-40
male,2,own,business,good,15-30,0-5K,0-10
male,2,own,radio/TV,good,45-60,0-5K,11-20
male,3,free,business,bad,60-75,0-5K,31-40
male,2,own,business,bad,15-30,10K-15K,41-80
female,2,own,radio/TV,good,15-30,0-5K,21-30
male,2,own,repairs,good,45-60,5K-10K,21-30
female,2,own,radio/TV,good,15-30,0-5K,11-20
male,2,own,car,good,15-30,0-5K,11-20
male,2,free,education,bad,30-45,0-5K,31-40
female,2,own,radio/TV,good,15-30,0-5K,31-40
female,2,own,car,good,30-45,5K-10K,31-40
male,1,rent,radio/TV,good,45-60,0-5K,0-10
male,3,free,vacation/others,good,45-60,0-5K,0-10
female,1,own,business,good,30-45,5K-10K,41-80
male,3,own,education,bad,30-45,0-5K,31-40
male,3,free,car,good,60-75,0-5K,11-20
male,2,own,radio/TV,bad,30-45,0-5K,41-80
male,2,own,radio/TV,good,45-60,0-5K,11-20
male,1,own,car,good,30-45,5K-10K,41-80
male,2,own,furniture/equipment,good,15-30,0-5K,31-40
female,2,own,radio/TV,bad,30-45,5K-10K,21-30
male,2,own,radio/TV,good,45-60,0-5K,11-20
female,1,rent,business,good,15-30,0-5K,11-20
female,1,own,vacation/others,good,45-60,0-5K,21-30
male,1,own,radio/TV,good,45-60,0-5K,11-20
female,3,own,business,good,15-30,0-5K,11-20
female,2,own,furniture/equipment,good,15-30,0-5K,11-20
male,2,free,education,bad,45-60,10K-15K,31-40
male,3,own,car,good,30-45,0-5K,11-20
male,2,own,repairs,bad,15-30,0-5K,11-20
male,2,own,radio/TV,good,45-60,0-5K,11-20
male,2,own,car,good,45-60,0-5K,11-20
female,1,own,radio/TV,bad,30-45,0-5K,11-20
male,2,rent,furniture/equipment,good,15-30,0-5K,21-30
male,2,own,car,good,45-60,0-5K,11-20
male,2,rent,business,bad,45-60,15K-20K,41-80
female,2,own,education,good,60-75,0-5K,11-20
male,2,own,business,good,30-45,0-5K,11-20
male,2,own,radio/TV,good,30-45,0-5K,31-40
male,3,rent,car,good,30-45,5K-10K,21-30
male,1,rent,car,good,30-45,0-5K,21-30
male,2,rent,radio/TV,good,15-30,0-5K,31-40
female,2,own,radio/TV,good,15-30,0-5K,0-10
male,2,rent,furniture/equipment,good,30-45,0-5K,0-10
male,2,rent,car,good,15-30,0-5K,11-20
male,3,own,vacation/others,bad,30-45,10K-15K,21-30
male,3,own,car,bad,30-45,5K-10K,11-20
male,2,own,car,good,30-45,5K-10K,11-20
female,2,own,furniture/equipment,good,30-45,5K-10K,21-30
male,2,own,business,good,30-45,0-5K,11-20
male,2,own,business,good,30-45,0-5K,0-10
female,2,rent,education,good,15-30,0-5K,11-20
male,1,rent,car,good,15-30,5K-10K,11-20
female,2,own,car,bad,15-30,5K-10K,31-40
male,2,own,radio/TV,good,30-45,0-5K,11-20
male,2,own,radio/TV,good,45-60,0-5K,41-80
female,3,own,radio/TV,bad,30-45,5K-10K,41-80
female,2,rent,furniture/equipment,good,15-30,0-5K,11-20
female,2,own,furniture/equipment,bad,15-30,0-5K,31-40
male,3,own,car,good,30-45,0-5K,11-20
female,2,own,radio/TV,bad,15-30,0-5K,21-30
female,3,rent,car,good,30-45,0-5K,21-30
male,1,rent,furniture/equipment,good,15-30,0-5K,11-20
male,2,free,car,good,60-75,0-5K,11-20
female,2,rent,furniture/equipment,bad,15-30,0-5K,11-20
male,2,own,car,good,30-45,0-5K,11-20
male,1,own,radio/TV,good,30-45,0-5K,11-20
male,2,own,repairs,bad,30-45,0-5K,11-20
male,3,own,car,good,30-45,0-5K,11-20
female,2,own,car,bad,15-30,0-5K,11-20
female,2,own,car,good,15-30,5K-10K,41-80
male,2,own,education,bad,15-30,5K-10K,31-40
male,1,own,furniture/equipment,good,15-30,0-5K,11-20
male,2,free,furniture/equipment,good,45-60,0-5K,11-20
female,2,own,radio/TV,good,15-30,10K-15K,41-80
female,2,own,radio/TV,good,30-45,0-5K,11-20
male,2,own,car,good,15-30,5K-10K,21-30
male,1,own,radio/TV,bad,60-75,0-5K,11-20
male,2,own,radio/TV,good,30-45,0-5K,11-20
female,1,rent,radio/TV,good,30-45,0-5K,11-20
male,0,own,car,good,15-30,0-5K,0-10
female,3,own,radio/TV,good,30-45,0-5K,31-40
male,3,own,radio/TV,good,15-30,0-5K,21-30
male,2,own,furniture/equipment,bad,15-30,0-5K,11-20
female,2,own,furniture/equipment,good,15-30,0-5K,21-30
male,2,own,business,good,30-45,0-5K,41-80
female,2,own,car,good,30-45,0-5K,0-10
female,2,own,car,good,45-60,0-5K,11-20
male,2,own,furniture/equipment,good,15-30,5K-10K,31-40
male,2,own,radio/TV,good,45-60,0-5K,11-20
male,2,free,radio/TV,good,30-45,0-5K,0-10
male,2,own,radio/TV,good,30-45,0-5K,11-20
male,2,own,radio/TV,good,15-30,5K-10K,31-40
female,2,rent,car,good,15-30,5K-10K,21-30
male,3,rent,business,good,30-45,5K-10K,21-30
female,2,rent,furniture/equipment,bad,15-30,0-5K,11-20
male,2,own,repairs,good,45-60,0-5K,0-10
male,1,own,education,good,45-60,0-5K,11-20
male,2,own,car,good,30-45,0-5K,21-30
male,1,own,radio/TV,good,30-45,0-5K,0-10
male,2,own,radio/TV,good,30-45,0-5K,21-30
female,2,own,car,good,30-45,0-5K,11-20
male,2,own,domestic appliances,good,30-45,0-5K,11-20
male,3,free,car,good,60-75,5K-10K,11-20
male,2,own,car,good,30-45,0-5K,31-40
male,2,own,furniture/equipment,good,30-45,0-5K,0-10
female,2,own,furniture/equipment,bad,30-45,0-5K,11-20
female,2,own,furniture/equipment,good,15-30,0-5K,11-20
female,2,rent,furniture/equipment,good,15-30,0-5K,21-30
male,2,own,business,bad,30-45,0-5K,21-30
male,2,rent,car,bad,30-45,0-5K,11-20
female,2,own,furniture/equipment,good,15-30,0-5K,11-20
female,3,own,furniture/equipment,bad,30-45,0-5K,21-30
male,2,own,radio/TV,good,30-45,0-5K,0-10
male,2,own,education,bad,15-30,0-5K,21-30
female,3,own,car,bad,45-60,5K-10K,31-40
male,2,own,furniture/equipment,good,30-45,0-5K,11-20
male,2,own,radio/TV,good,45-60,0-5K,0-10
male,3,rent,radio/TV,good,30-45,0-5K,11-20
male,2,own,car,good,60-75,0-5K,21-30
male,2,own,business,bad,15-30,5K-10K,31-40
male,3,own,business,bad,30-45,0-5K,31-40
male,1,own,car,bad,30-45,0-5K,21-30
male,2,own,furniture/equipment,good,45-60,0-5K,21-30
male,2,own,car,bad,30-45,0-5K,11-20
male,2,own,radio/TV,good,30-45,0-5K,11-20
female,3,free,car,bad,60-75,5K-10K,0-10
male,0,free,car,good,60-75,0-5K,11-20
male,2,own,radio/TV,bad,15-30,0-5K,11-20
female,2,own,furniture/equipment,good,30-45,0-5K,11-20
male,3,own,business,bad,45-60,0-5K,21-30
male,1,free,business,bad,30-45,0-5K,41-80
male,2,own,business,bad,30-45,0-5K,21-30
male,2,rent,radio/TV,good,15-30,0-5K,0-10
male,2,rent,radio/TV,bad,15-30,0-5K,41-80
female,3,own,education,bad,30-45,0-5K,0-10
female,2,own,radio/TV,good,15-30,0-5K,0-10
female,2,rent,furniture/equipment,bad,15-30,0-5K,11-20
male,2,free,car,good,30-45,0-5K,21-30
male,3,own,furniture/equipment,bad,30-45,0-5K,11-20
male,2,own,education,good,45-60,0-5K,0-10
male,1,own,car,good,15-30,0-5K,11-20
male,2,own,business,good,15-30,5K-10K,21-30
male,2,rent,education,bad,15-30,0-5K,11-20
male,1,own,car,good,30-45,0-5K,11-20
male,3,free,car,good,30-45,10K-15K,31-40
male,2,own,furniture/equipment,good,30-45,0-5K,11-20
male,2,own,domestic appliances,good,15-30,0-5K,11-20
male,1,own,business,good,15-30,5K-10K,21-30
male,2,own,car,good,45-60,0-5K,11-20
male,2,own,radio/TV,good,30-45,0-5K,0-10
female,1,own,radio/TV,good,45-60,0-5K,31-40
male,2,own,business,bad,45-60,5K-10K,21-30
male,3,own,business,bad,60-75,0-5K,31-40
male,2,own,radio/TV,good,45-60,0-5K,31-40
female,1,own,education,good,30-45,0-5K,0-10
male,2,own,business,good,30-45,0-5K,11-20
male,2,own,radio/TV,good,15-30,0-5K,31-40
male,1,rent,furniture/equipment,good,15-30,0-5K,21-30
female,2,own,car,good,60-75,0-5K,11-20
male,1,own,radio/TV,good,15-30,0-5K,11-20
female,2,rent,education,good,15-30,0-5K,11-20
male,2,own,radio/TV,good,30-45,0-5K,11-20
male,2,own,business,good,30-45,0-5K,21-30
male,2,own,car,good,30-45,0-5K,11-20
male,2,own,repairs,good,15-30,0-5K,31-40
male,2,own,radio/TV,bad,15-30,10K-15K,41-80
male,3,free,furniture/equipment,bad,45-60,5K-10K,11-20
male,2,own,radio/TV,bad,15-30,0-5K,0-10
male,2,free,furniture/equipment,good,15-30,0-5K,21-30
male,2,own,radio/TV,bad,15-30,0-5K,31-40
male,1,free,car,good,45-60,0-5K,0-10
male,2,own,radio/TV,good,30-45,0-5K,11-20
male,1,own,radio/TV,good,15-30,0-5K,11-20
male,1,own,radio/TV,good,30-45,0-5K,0-10
male,3,own,radio/TV,bad,30-45,0-5K,21-30
male,0,own,car,bad,15-30,10K-15K,0-10
male,1,rent,business,bad,60-75,0-5K,21-30
female,2,own,radio/TV,good,30-45,0-5K,11-20
male,2,own,radio/TV,good,30-45,0-5K,31-40
female,2,own,car,bad,15-30,0-5K,21-30
male,2,own,radio/TV,good,45-60,0-5K,0-10
male,2,free,car,bad,15-30,0-5K,41-80
female,2,own,business,good,15-30,0-5K,11-20
female,1,own,education,good,30-45,0-5K,11-20
male,2,own,business,good,15-30,0-5K,21-30
male,2,own,radio/TV,good,45-60,0-5K,11-20
male,2,rent,car,good,30-45,0-5K,0-10
male,2,own,furniture/equipment,good,15-30,0-5K,21-30
female,2,rent,radio/TV,bad,15-30,0-5K,11-20
female,1,own,car,good,30-45,0-5K,0-10
female,1,own,furniture/equipment,good,45-60,0-5K,11-20
female,2,own,car,bad,15-30,0-5K,31-40
male,2,own,furniture/equipment,good,30-45,0-5K,21-30
male,2,own,furniture/equipment,good,15-30,0-5K,0-10
male,1,own,radio/TV,good,15-30,5K-10K,41-80
male,1,own,radio/TV,good,30-45,0-5K,21-30
male,2,free,radio/TV,bad,15-30,0-5K,11-20
female,2,own,car,good,15-30,0-5K,11-20
female,1,own,radio/TV,good,45-60,0-5K,11-20
male,2,own,furniture/equipment,good,15-30,0-5K,11-20
female,2,own,radio/TV,good,45-60,0-5K,21-30
male,3,free,car,good,30-45,5K-10K,11-20
female,1,free,education,good,45-60,0-5K,11-20
male,1,own,car,good,30-45,0-5K,11-20
male,2,own,radio/TV,bad,30-45,0-5K,11-20
male,2,own,business,good,30-45,5K-10K,31-40
female,2,own,radio/TV,good,30-45,0-5K,21-30
male,3,own,car,bad,45-60,5K-10K,11-20
male,2,own,radio/TV,good,15-30,0-5K,21-30
male,2,own,car,good,30-45,0-5K,11-20
female,2,rent,furniture/equipment,good,30-45,0-5K,11-20
male,3,free,car,good,30-45,10K-15K,41-80
male,2,own,radio/TV,bad,15-30,0-5K,41-80
male,1,own,repairs,bad,30-45,10K-15K,31-40
male,2,own,radio/TV,good,30-45,0-5K,0-10
female,2,own,radio/TV,good,15-30,0-5K,11-20
male,1,own,furniture/equipment,good,45-60,0-5K,11-20
female,2,own,furniture/equipment,bad,30-45,0-5K,0-10
male,3,rent,radio/TV,good,15-30,0-5K,21-30
male,2,rent,car,good,15-30,0-5K,11-20
male,2,own,furniture/equipment,good,45-60,0-5K,11-20
male,1,own,radio/TV,good,45-60,0-5K,11-20
male,2,own,furniture/equipment,good,60-75,0-5K,11-20
male,2,own,car,good,30-45,0-5K,21-30
female,1,own,car,good,30-45,10K-15K,41-80
male,2,own,car,good,15-30,0-5K,41-80
male,3,free,vacation/others,good,30-45,5K-10K,41-80
female,2,own,radio/TV,good,45-60,0-5K,11-20
male,2,own,radio/TV,bad,45-60,0-5K,21-30
male,2,own,business,good,15-30,0-5K,11-20
male,3,rent,car,bad,15-30,5K-10K,31-40
female,3,free,car,good,30-45,5K-10K,21-30
male,2,free,car,good,45-60,0-5K,41-80
male,3,own,business,good,45-60,5K-10K,41-80
female,2,own,furniture/equipment,bad,15-30,5K-10K,41-80
female,2,rent,car,good,15-30,0-5K,11-20
male,1,own,car,good,45-60,0-5K,11-20
male,2,own,furniture/equipment,good,30-45,0-5K,11-20
male,2,own,furniture/equipment,good,30-45,0-5K,21-30
female,0,own,car,good,45-60,0-5K,0-10
female,2,own,radio/TV,bad,30-45,0-5K,31-40
male,1,own,car,bad,30-45,0-5K,21-30
male,2,own,car,good,45-60,0-5K,11-20
male,2,free,car,bad,30-45,10K-15K,41-80
male,2,own,furniture/equipment,good,30-45,0-5K,0-10
female,1,rent,car,good,15-30,0-5K,31-40
male,1,own,radio/TV,bad,30-45,0-5K,11-20
female,2,own,furniture/equipment,bad,15-30,0-5K,0-10
male,1,rent,car,good,15-30,0-5K,0-10
male,0,free,vacation/others,good,30-45,5K-10K,41-80
male,2,own,furniture/equipment,good,15-30,5K-10K,21-30
female,2,own,furniture/equipment,good,15-30,0-5K,21-30
male,1,own,car,bad,15-30,0-5K,11-20
male,1,own,car,good,15-30,0-5K,0-10
male,2,own,furniture/equipment,bad,30-45,0-5K,31-40
male,1,own,furniture/equipment,good,30-45,0-5K,11-20
female,1,own,furniture/equipment,good,45-60,0-5K,21-30
male,2,own,education,good,30-45,0-5K,11-20
female,1,own,furniture/equipment,good,15-30,0-5K,11-20
male,3,own,car,bad,15-30,0-5K,31-40
male,2,own,radio/TV,bad,30-45,0-5K,21-30
male,3,free,car,good,30-45,0-5K,21-30
male,2,own,furniture/equipment,good,15-30,0-5K,11-20
female,2,own,car,good,30-45,0-5K,11-20
male,1,own,car,good,30-45,0-5K,0-10
male,2,rent,furniture/equipment,good,45-60,5K-10K,11-20
female,2,own,car,good,30-45,0-5K,21-30
male,2,own,radio/TV,good,30-45,0-5K,31-40
male,2,own,radio/TV,good,15-30,0-5K,0-10
male,3,free,car,good,75-100,5K-10K,21-30
female,2,own,education,bad,30-45,0-5K,11-20
female,3,own,car,bad,15-30,5K-10K,41-80
female,1,rent,car,bad,15-30,10K-15K,41-80
male,2,rent,furniture/equipment,bad,15-30,0-5K,21-30
male,3,rent,furniture/equipment,bad,30-45,0-5K,0-10
female,1,own,radio/TV,good,15-30,0-5K,11-20
female,2,rent,domestic appliances,bad,15-30,0-5K,11-20
male,2,own,furniture/equipment,good,15-30,0-5K,21-30
male,1,own,furniture/equipment,good,30-45,0-5K,11-20
female,2,free,education,good,15-30,5K-10K,21-30
female,1,rent,furniture/equipment,good,15-30,0-5K,21-30
male,2,rent,radio/TV,good,15-30,0-5K,11-20
male,3,own,business,good,30-45,0-5K,11-20
male,1,own,car,good,30-45,0-5K,11-20
female,1,own,radio/TV,good,30-45,0-5K,11-20
male,2,own,radio/TV,good,15-30,0-5K,11-20
female,0,rent,radio/TV,good,15-30,0-5K,21-30
male,1,own,business,good,30-45,0-5K,0-10
male,2,free,education,bad,30-45,0-5K,0-10
female,2,rent,domestic appliances,good,15-30,0-5K,0-10
female,2,own,furniture/equipment,bad,15-30,0-5K,0-10
male,3,own,car,good,30-45,0-5K,11-20
male,2,rent,radio/TV,bad,15-30,5K-10K,11-20
male,2,free,education,good,45-60,0-5K,11-20
male,1,own,car,bad,15-30,0-5K,21-30
male,2,own,radio/TV,good,45-60,0-5K,11-20
male,3,own,radio/TV,bad,15-30,0-5K,31-40
male,2,own,radio/TV,good,15-30,0-5K,11-20
female,2,rent,furniture/equipment,bad,15-30,0-5K,31-40
male,2,free,education,good,60-75,0-5K,11-20
male,3,own,radio/TV,good,30-45,0-5K,11-20
female,2,own,car,good,30-45,0-5K,11-20
male,2,rent,furniture/equipment,good,15-30,0-5K,0-10
male,0,own,furniture/equipment,bad,15-30,0-5K,11-20
male,2,own,business,good,30-45,0-5K,11-20
male,2,own,car,good,15-30,0-5K,11-20
female,2,rent,furniture/equipment,good,15-30,0-5K,11-20
male,2,own,furniture/equipment,bad,30-45,0-5K,31-40
female,2,rent,furniture/equipment,good,30-45,0-5K,11-20
male,2,own,car,good,30-45,0-5K,31-40
male,2,own,radio/TV,good,30-45,5K-10K,11-20
female,2,rent,furniture/equipment,good,15-30,0-5K,11-20
male,3,free,car,good,60-75,10K-15K,41-80
female,3,free,vacation/others,bad,60-75,10K-15K,41-80
female,2,rent,business,bad,30-45,5K-10K,41-80
male,2,own,radio/TV,good,30-45,0-5K,11-20
male,2,free,radio/TV,good,30-45,0-5K,0-10
male,3,free,car,bad,45-60,10K-15K,31-40
female,1,own,car,good,45-60,0-5K,0-10
male,2,own,furniture/equipment,good,30-45,0-5K,21-30
female,3,free,car,bad,30-45,10K-15K,11-20
female,2,rent,car,good,15-30,0-5K,21-30
male,2,own,car,good,15-30,0-5K,11-20
male,1,own,business,good,15-30,0-5K,31-40
female,2,own,radio/TV,good,15-30,0-5K,11-20
female,2,rent,radio/TV,good,15-30,0-5K,11-20
male,3,own,furniture/equipment,good,30-45,5K-10K,11-20
male,2,own,business,good,15-30,0-5K,11-20
female,2,own,business,good,15-30,0-5K,0-10
male,3,own,car,good,30-45,0-5K,11-20
female,1,rent,furniture/equipment,good,15-30,0-5K,11-20
male,3,free,car,good,30-45,0-5K,31-40
female,2,own,radio/TV,good,30-45,0-5K,0-10
male,3,own,furniture/equipment,good,30-45,0-5K,0-10
male,2,rent,education,good,30-45,10K-15K,31-40
female,3,free,furniture/equipment,good,45-60,0-5K,11-20
male,2,own,furniture/equipment,good,45-60,0-5K,31-40
male,2,rent,car,bad,45-60,0-5K,11-20
female,1,own,radio/TV,good,30-45,0-5K,21-30
male,2,own,radio/TV,good,30-45,0-5K,11-20
male,2,own,business,good,15-30,0-5K,11-20
male,2,own,business,bad,15-30,5K-10K,21-30
male,1,own,car,good,15-30,0-5K,11-20
male,2,own,car,good,30-45,0-5K,11-20
male,2,own,radio/TV,bad,15-30,0-5K,21-30
male,2,own,car,good,30-45,0-5K,21-30
male,2,own,radio/TV,good,15-30,0-5K,11-20
male,3,own,radio/TV,good,15-30,0-5K,21-30
male,2,own,car,bad,15-30,0-5K,11-20
female,2,own,radio/TV,good,15-30,0-5K,21-30
male,3,own,car,good,30-45,5K-10K,31-40
male,3,own,business,bad,30-45,0-5K,11-20
male,1,rent,car,good,30-45,0-5K,11-20
female,2,own,car,bad,30-45,0-5K,21-30
male,2,own,car,good,30-45,5K-10K,31-40
male,1,own,car,bad,30-45,0-5K,11-20
female,2,rent,education,good,15-30,5K-10K,11-20
female,3,own,car,good,30-45,0-5K,21-30
female,2,own,car,bad,30-45,0-5K,11-20
female,2,rent,car,good,15-30,0-5K,11-20
male,2,own,car,good,30-45,0-5K,11-20
male,1,own,car,good,45-60,0-5K,11-20
male,3,own,furniture/equipment,good,30-45,0-5K,21-30
female,2,own,furniture/equipment,bad,15-30,0-5K,11-20
male,2,rent,car,good,15-30,0-5K,11-20
male,2,own,radio/TV,good,15-30,0-5K,21-30
male,2,own,radio/TV,good,45-60,0-5K,11-20
male,2,own,furniture/equipment,good,15-30,0-5K,0-10
female,0,free,repairs,bad,45-60,0-5K,11-20
male,1,own,business,good,60-75,0-5K,0-10
male,3,own,vacation/others,bad,15-30,10K-15K,21-30
male,3,free,furniture/equipment,good,30-45,0-5K,0-10
male,2,own,repairs,good,30-45,0-5K,21-30
male,2,own,furniture/equipment,good,15-30,0-5K,0-10
male,2,own,radio/TV,bad,15-30,0-5K,11-20
male,1,rent,repairs,good,15-30,0-5K,0-10
female,2,own,car,good,30-45,0-5K,21-30
male,0,own,repairs,good,60-75,0-5K,41-80
female,0,own,business,bad,15-30,0-5K,11-20
male,3,own,car,good,30-45,0-5K,11-20
female,2,own,furniture/equipment,good,30-45,0-5K,11-20
male,2,own,vacation/others,good,15-30,0-5K,21-30
male,1,own,education,bad,30-45,0-5K,11-20
female,3,own,furniture/equipment,bad,30-45,5K-10K,41-80
female,1,rent,education,good,30-45,0-5K,0-10
female,2,own,car,bad,30-45,0-5K,31-40
male,2,own,radio/TV,good,30-45,0-5K,0-10
female,3,own,furniture/equipment,good,45-60,0-5K,11-20
male,2,own,repairs,bad,60-75,0-5K,11-20
male,3,own,car,good,30-45,10K-15K,31-40
female,2,own,radio/TV,good,15-30,0-5K,0-10
male,2,own,furniture/equipment,good,30-45,0-5K,11-20
male,3,own,car,good,30-45,0-5K,21-30
male,2,own,car,bad,30-45,0-5K,21-30
female,3,own,car,good,15-30,0-5K,21-30
male,2,rent,car,good,30-45,0-5K,11-20
male,2,free,car,bad,30-45,0-5K,11-20
female,2,own,domestic appliances,good,15-30,0-5K,0-10
male,2,own,radio/TV,good,30-45,0-5K,11-20
male,2,own,furniture/equipment,good,30-45,0-5K,31-40
male,2,own,car,good,30-45,0-5K,11-20
female,3,rent,furniture/equipment,good,30-45,0-5K,11-20
male,2,own,education,good,30-45,0-5K,11-20
male,2,own,business,good,30-45,0-5K,11-20
male,2,own,car,good,60-75,0-5K,21-30
female,1,rent,radio/TV,bad,15-30,0-5K,21-30
male,2,own,radio/TV,good,30-45,5K-10K,41-80
female,2,own,business,good,15-30,0-5K,31-40
male,1,own,car,good,30-45,0-5K,21-30
male,2,rent,radio/TV,bad,15-30,0-5K,21-30
female,2,own,education,bad,15-30,0-5K,0-10
male,1,own,car,bad,15-30,0-5K,0-10
male,3,own,education,good,30-45,0-5K,0-10
male,2,own,radio/TV,bad,30-45,0-5K,11-20
female,2,rent,furniture/equipment,bad,15-30,0-5K,11-20
male,2,own,car,good,15-30,0-5K,31-40
male,2,own,radio/TV,good,15-30,5K-10K,21-30
male,1,own,business,good,30-45,0-5K,11-20
male,2,own,furniture/equipment,good,30-45,0-5K,11-20
female,1,own,radio/TV,good,15-30,0-5K,11-20
male,2,own,car,good,15-30,0-5K,21-30
female,2,rent,furniture/equipment,good,45-60,0-5K,31-40
female,2,own,furniture/equipment,good,30-45,0-5K,11-20
male,2,own,car,good,30-45,0-5K,11-20
male,3,own,car,bad,45-60,0-5K,0-10
male,2,own,radio/TV,good,45-60,0-5K,11-20
female,2,free,car,good,60-75,0-5K,21-30
male,1,rent,car,good,30-45,0-5K,11-20
male,2,rent,car,good,15-30,0-5K,0-10
male,2,own,radio/TV,good,15-30,0-5K,11-20
female,3,free,business,bad,30-45,5K-10K,21-30
female,2,own,radio/TV,good,15-30,0-5K,0-10
male,2,own,radio/TV,good,30-45,0-5K,0-10
male,1,rent,car,good,30-45,0-5K,11-20
male,2,own,furniture/equipment,bad,15-30,0-5K,21-30
male,3,rent,furniture/equipment,bad,15-30,5K-10K,31-40
male,2,own,furniture/equipment,good,30-45,0-5K,21-30
male,1,own,radio/TV,good,30-45,0-5K,11-20
male,2,own,car,good,15-30,0-5K,0-10
female,2,own,car,bad,15-30,0-5K,21-30
male,2,free,car,good,30-45,5K-10K,31-40
male,2,own,radio/TV,good,45-60,0-5K,0-10
male,2,own,radio/TV,bad,30-45,0-5K,21-30
female,2,rent,car,bad,15-30,0-5K,21-30
male,1,own,car,bad,15-30,0-5K,11-20
male,2,own,car,good,30-45,0-5K,11-20
male,3,own,car,bad,30-45,5K-10K,11-20
male,2,own,radio/TV,good,15-30,0-5K,21-30
male,3,own,car,good,45-60,5K-10K,31-40
male,2,own,car,bad,15-30,0-5K,11-20
male,3,free,car,good,30-45,0-5K,31-40
male,2,rent,business,good,15-30,0-5K,11-20
male,2,rent,radio/TV,good,15-30,0-5K,11-20
male,2,own,car,good,45-60,0-5K,21-30
female,2,own,car,good,30-45,0-5K,0-10
male,1,own,car,good,30-45,0-5K,0-10
female,2,rent,furniture/equipment,bad,15-30,5K-10K,31-40
male,2,own,car,good,30-45,0-5K,0-10
male,2,free,radio/TV,good,30-45,0-5K,0-10
male,2,free,repairs,good,30-45,5K-10K,21-30
female,2,own,radio/TV,bad,15-30,0-5K,11-20
male,2,free,furniture/equipment,bad,45-60,5K-10K,41-80
female,2,own,car,good,15-30,0-5K,21-30
female,1,own,radio/TV,good,15-30,0-5K,11-20
male,2,own,car,good,30-45,5K-10K,21-30
female,2,own,education,good,30-45,0-5K,11-20
male,1,own,radio/TV,good,30-45,0-5K,0-10
male,2,rent,radio/TV,bad,30-45,0-5K,31-40
male,1,own,car,good,30-45,0-5K,0-10
male,2,own,education,good,30-45,0-5K,31-40
female,2,rent,car,bad,15-30,0-5K,11-20
male,2,rent,car,good,30-45,0-5K,11-20
male,2,own,radio/TV,good,15-30,0-5K,21-30
male,2,own,radio/TV,good,15-30,0-5K,21-30
male,2,rent,education,bad,30-45,0-5K,21-30
female,3,own,car,good,75-100,0-5K,0-10
female,2,own,furniture/equipment,good,30-45,0-5K,11-20
male,3,free,car,bad,30-45,5K-10K,41-80
female,1,own,furniture/equipment,good,45-60,0-5K,11-20
male,2,rent,radio/TV,bad,15-30,0-5K,11-20
male,2,free,car,good,60-75,0-5K,21-30
male,2,own,furniture/equipment,bad,30-45,5K-10K,31-40
male,1,own,furniture/equipment,bad,30-45,0-5K,11-20
male,1,own,car,good,60-75,0-5K,11-20
male,2,free,car,bad,30-45,0-5K,21-30
female,2,own,car,good,30-45,0-5K,21-30
male,2,own,radio/TV,good,30-45,0-5K,21-30
female,1,own,radio/TV,bad,15-30,0-5K,11-20
male,2,free,car,good,30-45,5K-10K,41-80
female,2,own,repairs,good,15-30,0-5K,11-20
male,1,own,radio/TV,good,45-60,0-5K,0-10
male,2,own,radio/TV,bad,30-45,5K-10K,41-80
male,2,own,car,good,15-30,0-5K,11-20
female,3,own,education,good,60-75,0-5K,0-10
male,2,own,radio/TV,bad,15-30,0-5K,11-20
female,2,own,car,bad,15-30,0-5K,11-20
female,2,own,car,bad,15-30,5K-10K,21-30
male,2,own,furniture/equipment,bad,15-30,0-5K,21-30
male,1,own,furniture/equipment,bad,30-45,0-5K,11-20
male,2,free,car,good,45-60,0-5K,21-30
male,1,rent,radio/TV,bad,15-30,0-5K,21-30
female,2,own,radio/TV,good,15-30,0-5K,0-10
male,2,free,car,bad,30-45,10K-15K,31-40
male,3,own,business,good,30-45,0-5K,21-30
female,2,rent,radio/TV,good,15-30,0-5K,21-30
male,2,own,car,bad,30-45,0-5K,11-20
male,2,own,radio/TV,good,30-45,0-5K,21-30
male,2,own,radio/TV,good,30-45,0-5K,41-80
female,2,own,radio/TV,bad,30-45,5K-10K,41-80
female,1,rent,furniture/equipment,bad,15-30,0-5K,21-30
male,2,own,radio/TV,good,30-45,5K-10K,31-40
female,3,rent,car,good,15-30,5K-10K,21-30
female,1,own,business,good,15-30,0-5K,11-20
male,1,own,radio/TV,good,15-30,0-5K,0-10
female,2,own,furniture/equipment,good,15-30,0-5K,11-20
female,2,own,radio/TV,good,15-30,0-5K,11-20
female,2,own,education,good,30-45,0-5K,21-30
male,2,own,car,bad,15-30,0-5K,31-40
male,1,own,education,good,15-30,0-5K,21-30
male,2,own,car,bad,30-45,0-5K,11-20
male,1,own,car,good,45-60,0-5K,11-20
female,2,rent,furniture/equipment,good,15-30,0-5K,0-10
male,1,rent,repairs,bad,30-45,0-5K,31-40
female,3,free,car,good,45-60,0-5K,11-20
female,2,rent,furniture/equipment,bad,15-30,0-5K,11-20
male,2,rent,car,good,30-45,0-5K,0-10
male,1,own,furniture/equipment,good,15-30,0-5K,11-20
male,1,own,domestic appliances,bad,45-60,0-5K,11-20
male,2,own,furniture/equipment,bad,60-75,0-5K,11-20
female,1,own,radio/TV,good,45-60,0-5K,11-20
female,2,rent,car,good,30-45,0-5K,21-30
female,1,own,business,good,30-45,0-5K,21-30
female,1,rent,car,bad,15-30,0-5K,21-30
male,3,own,vacation/others,bad,30-45,0-5K,21-30
female,1,own,car,bad,30-45,0-5K,0-10
female,2,rent,car,bad,15-30,0-5K,21-30
male,1,own,business,bad,30-45,0-5K,21-30
male,2,own,car,bad,30-45,0-5K,11-20
male,2,free,business,good,30-45,0-5K,21-30
female,2,own,radio/TV,good,45-60,0-5K,0-10
female,2,own,furniture/equipment,bad,30-45,0-5K,0-10
female,1,free,education,bad,30-45,0-5K,21-30
female,3,own,furniture/equipment,bad,15-30,0-5K,31-40
female,2,own,furniture/equipment,good,15-30,0-5K,11-20
male,2,own,furniture/equipment,good,15-30,0-5K,21-30
male,3,own,business,good,60-75,0-5K,21-30
female,2,free,radio/TV,bad,45-60,0-5K,31-40
male,2,own,radio/TV,good,30-45,0-5K,11-20
male,2,free,car,good,45-60,0-5K,11-20
female,2,own,domestic appliances,bad,15-30,0-5K,11-20
female,1,free,car,bad,45-60,0-5K,11-20
female,2,own,radio/TV,good,15-30,0-5K,21-30
female,2,rent,car,good,15-30,0-5K,21-30
female,2,own,furniture/equipment,bad,15-30,0-5K,11-20
male,3,own,business,good,45-60,10K-15K,41-80
male,3,free,radio/TV,good,15-30,5K-10K,41-80
male,2,rent,car,good,30-45,0-5K,0-10
female,2,rent,furniture/equipment,bad,15-30,0-5K,31-40
male,1,own,car,good,45-60,0-5K,11-20
male,2,own,business,good,15-30,0-5K,21-30
male,2,own,car,bad,30-45,0-5K,11-20
male,2,own,business,bad,30-45,0-5K,41-80
female,2,rent,furniture/equipment,good,15-30,0-5K,11-20
male,2,free,radio/TV,bad,60-75,0-5K,11-20
male,2,own,radio/TV,good,30-45,0-5K,11-20
male,2,own,furniture/equipment,good,30-45,0-5K,0-10
male,2,own,car,bad,15-30,0-5K,0-10
male,2,own,furniture/equipment,good,30-45,0-5K,41-80
male,1,own,education,good,60-75,0-5K,0-10
female,2,own,radio/TV,good,15-30,0-5K,21-30
male,2,own,furniture/equipment,bad,30-45,0-5K,11-20
male,2,own,radio/TV,good,15-30,0-5K,11-20
female,2,rent,furniture/equipment,bad,15-30,0-5K,0-10
female,1,own,car,bad,15-30,0-5K,21-30
male,2,own,education,good,45-60,0-5K,11-20
female,2,own,radio/TV,good,15-30,0-5K,21-30
male,2,own,radio/TV,good,15-30,15K-20K,41-80
female,2,own,radio/TV,good,30-45,0-5K,11-20
male,2,own,radio/TV,bad,15-30,0-5K,41-80
female,0,own,education,bad,15-30,0-5K,11-20
male,1,own,repairs,good,30-45,0-5K,11-20
male,3,own,education,bad,30-45,0-5K,11-20
male,2,own,radio/TV,good,30-45,0-5K,21-30
male,3,own,radio/TV,good,30-45,0-5K,11-20
male,2,rent,business,bad,15-30,5K-10K,31-40
male,2,own,furniture/equipment,good,30-45,0-5K,31-40
female,2,own,car,bad,15-30,0-5K,11-20
male,2,free,car,bad,30-45,0-5K,21-30
male,1,rent,education,bad,30-45,0-5K,11-20
male,3,free,education,good,45-60,5K-10K,41-80
male,1,own,furniture/equipment,bad,30-45,0-5K,11-20
male,2,own,car,bad,45-60,0-5K,21-30
male,3,own,car,bad,30-45,5K-10K,31-40
male,2,own,car,good,30-45,0-5K,21-30
male,2,free,car,good,15-30,0-5K,11-20
male,1,own,car,bad,30-45,0-5K,11-20
male,2,own,radio/TV,good,30-45,10K-15K,41-80
female,2,own,business,good,15-30,0-5K,31-40
male,2,own,furniture/equipment,good,30-45,5K-10K,11-20
male,2,rent,radio/TV,good,15-30,0-5K,11-20
male,2,own,car,bad,15-30,0-5K,11-20
male,2,own,furniture/equipment,good,45-60,0-5K,21-30
male,3,own,furniture/equipment,good,30-45,0-5K,0-10
female,1,own,education,good,45-60,0-5K,0-10
male,3,own,vacation/others,good,15-30,5K-10K,21-30
male,2,own,furniture/equipment,good,30-45,0-5K,31-40
female,2,own,business,good,15-30,0-5K,41-80
male,2,rent,car,bad,30-45,0-5K,11-20
male,2,own,radio/TV,good,45-60,0-5K,31-40
male,1,own,business,good,15-30,0-5K,21-30
male,2,own,business,good,30-45,5K-10K,31-40
male,3,own,car,good,30-45,10K-15K,41-80
male,2,own,car,good,15-30,0-5K,0-10
male,1,own,business,bad,30-45,0-5K,21-30
female,3,rent,radio/TV,good,15-30,0-5K,31-40
male,2,own,furniture/equipment,good,30-45,5K-10K,21-30
male,2,own,radio/TV,bad,15-30,5K-10K,41-80
male,1,rent,radio/TV,good,60-75,0-5K,21-30
female,2,own,radio/TV,good,15-30,0-5K,11-20
female,2,own,education,good,45-60,0-5K,0-10
male,2,free,radio/TV,good,30-45,0-5K,11-20
male,2,own,radio/TV,good,30-45,0-5K,11-20
male,2,free,radio/TV,good,45-60,5K-10K,21-30
male,1,own,business,good,30-45,5K-10K,31-40
male,2,free,car,good,30-45,5K-10K,41-80
male,2,own,radio/TV,good,15-30,0-5K,11-20
male,2,free,car,good,30-45,0-5K,31-40
male,2,own,radio/TV,good,30-45,0-5K,0-10
male,2,own,car,good,30-45,0-5K,11-20
male,2,own,furniture/equipment,good,15-30,0-5K,11-20
female,1,own,repairs,good,15-30,0-5K,11-20
male,2,own,radio/TV,good,15-30,0-5K,21-30
male,1,own,car,good,30-45,0-5K,0-10
male,2,own,radio/TV,good,15-30,0-5K,21-30
male,2,rent,car,good,45-60,0-5K,0-10
male,2,own,radio/TV,good,15-30,0-5K,11-20
female,0,own,car,good,30-45,0-5K,11-20
male,2,own,radio/TV,good,15-30,0-5K,11-20
male,3,rent,education,good,30-45,0-5K,11-20
female,1,rent,furniture/equipment,bad,15-30,0-5K,11-20
male,2,free,car,bad,45-60,5K-10K,41-80
female,2,free,radio/TV,good,45-60,0-5K,21-30
male,2,own,business,good,30-45,0-5K,31-40
female,2,own,business,good,30-45,0-5K,21-30
female,2,free,car,good,30-45,5K-10K,11-20
male,2,own,car,bad,15-30,5K-10K,41-80
female,2,rent,furniture/equipment,bad,15-30,0-5K,11-20
female,2,own,radio/TV,good,15-30,0-5K,0-10
male,1,own,radio/TV,good,30-45,0-5K,0-10
male,3,own,radio/TV,good,30-45,0-5K,11-20
female,2,free,education,bad,30-45,0-5K,0-10
male,3,own,car,good,45-60,0-5K,21-30
male,1,own,radio/TV,good,15-30,0-5K,0-10
male,3,own,car,bad,15-30,10K-15K,41-80
male,2,own,car,good,60-75,5K-10K,31-40
male,2,own,radio/TV,good,30-45,0-5K,31-40
male,3,free,radio/TV,good,30-45,0-5K,11-20
male,2,own,radio/TV,good,30-45,0-5K,21-30
male,2,own,car,good,30-45,5K-10K,21-30
male,3,own,radio/TV,bad,30-45,0-5K,0-10
female,2,rent,education,bad,15-30,0-5K,0-10
female,1,own,car,bad,15-30,0-5K,11-20
female,1,own,radio/TV,good,60-75,0-5K,0-10
female,2,rent,car,bad,15-30,0-5K,21-30
female,1,own,car,good,30-45,0-5K,0-10
male,1,own,radio/TV,good,45-60,0-5K,11-20
female,2,rent,radio/TV,bad,15-30,0-5K,11-20
female,2,rent,business,bad,45-60,5K-10K,41-80
male,2,own,business,good,30-45,0-5K,21-30
male,2,own,radio/TV,good,30-45,5K-10K,21-30
male,1,rent,radio/TV,bad,15-30,0-5K,21-30
female,1,own,radio/TV,good,30-45,0-5K,0-10
female,2,rent,car,good,15-30,0-5K,21-30
female,2,own,car,good,30-45,0-5K,0-10
female,0,own,domestic appliances,good,15-30,0-5K,31-40
female,3,rent,car,bad,15-30,10K-15K,21-30
male,1,own,car,good,30-45,0-5K,11-20
male,3,own,car,good,45-60,5K-10K,0-10
female,1,rent,business,bad,15-30,0-5K,31-40
male,2,own,car,good,30-45,0-5K,21-30
male,1,own,radio/TV,good,15-30,0-5K,11-20
male,2,own,radio/TV,good,30-45,0-5K,21-30
male,2,own,furniture/equipment,good,15-30,0-5K,21-30
male,3,own,furniture/equipment,good,30-45,10K-15K,31-40
male,1,own,business,good,15-30,0-5K,11-20
female,2,rent,car,good,15-30,0-5K,11-20
female,1,own,car,bad,30-45,0-5K,11-20
male,2,own,car,good,15-30,5K-10K,21-30
male,2,own,car,good,30-45,0-5K,11-20
female,2,own,furniture/equipment,good,45-60,0-5K,0-10
female,1,own,car,bad,15-30,0-5K,11-20
female,1,rent,business,good,15-30,0-5K,11-20
female,2,own,radio/TV,good,15-30,5K-10K,31-40
male,2,free,repairs,bad,45-60,0-5K,11-20
female,2,rent,car,bad,30-45,0-5K,21-30
male,0,own,car,good,60-75,0-5K,0-10
male,2,free,radio/TV,bad,30-45,0-5K,11-20
male,2,own,car,good,30-45,0-5K,21-30
male,2,own,car,bad,30-45,0-5K,11-20
female,2,own,car,good,45-60,5K-10K,11-20
female,2,rent,furniture/equipment,bad,15-30,0-5K,11-20
male,1,own,radio/TV,good,15-30,0-5K,11-20
male,3,free,car,bad,30-45,10K-15K,21-30
male,2,own,car,good,15-30,0-5K,21-30
male,1,own,radio/TV,good,30-45,0-5K,11-20
male,1,own,furniture/equipment,bad,30-45,0-5K,31-40
female,2,rent,car,good,30-45,0-5K,11-20
male,2,rent,furniture/equipment,good,15-30,0-5K,11-20
male,1,own,radio/TV,good,60-75,0-5K,11-20
female,2,rent,car,good,15-30,0-5K,21-30
female,3,own,education,bad,15-30,5K-10K,31-40
male,3,own,car,good,30-45,0-5K,21-30
male,2,own,radio/TV,good,45-60,0-5K,21-30
male,0,free,car,good,60-75,0-5K,11-20
female,2,rent,car,bad,15-30,0-5K,21-30
male,2,own,car,good,30-45,0-5K,31-40
female,2,own,radio/TV,good,15-30,0-5K,11-20
male,3,own,car,good,30-45,5K-10K,31-40
female,2,own,repairs,good,60-75,0-5K,11-20
male,2,own,radio/TV,bad,15-30,0-5K,31-40
male,2,own,car,good,60-75,0-5K,21-30
male,1,own,education,good,30-45,0-5K,11-20
female,1,own,car,bad,15-30,0-5K,11-20
male,3,own,car,good,60-75,5K-10K,21-30
male,1,own,business,good,30-45,0-5K,11-20
male,2,own,radio/TV,good,30-45,0-5K,21-30
male,2,own,car,good,30-45,0-5K,41-80
male,2,free,education,bad,45-60,5K-10K,41-80
male,2,own,education,bad,15-30,5K-10K,41-80
female,2,own,business,bad,30-45,0-5K,21-30
male,3,own,car,good,30-45,5K-10K,21-30
male,2,own,furniture/equipment,good,15-30,0-5K,0-10
male,2,free,furniture/equipment,good,45-60,0-5K,21-30
male,2,rent,furniture/equipment,good,30-45,0-5K,21-30
female,2,rent,furniture/equipment,good,15-30,0-5K,0-10
male,2,free,car,bad,45-60,5K-10K,11-20
female,1,rent,furniture/equipment,good,15-30,0-5K,11-20
male,2,own,car,good,45-60,0-5K,21-30
male,0,own,car,good,30-45,0-5K,0-10
male,2,free,education,good,45-60,0-5K,21-30
female,1,rent,radio/TV,good,45-60,0-5K,11-20
female,2,own,furniture/equipment,good,15-30,0-5K,21-30
male,2,own,radio/TV,good,30-45,0-5K,11-20
female,0,rent,car,good,15-30,5K-10K,11-20
male,2,own,car,bad,15-30,5K-10K,31-40
male,1,own,radio/TV,good,15-30,0-5K,0-10
male,2,own,radio/TV,good,60-75,0-5K,11-20
male,3,free,car,good,45-60,5K-10K,41-80
female,0,rent,car,bad,15-30,0-5K,11-20
male,2,own,business,good,15-30,0-5K,0-10
male,1,own,radio/TV,good,15-30,0-5K,0-10
male,2,own,car,bad,15-30,5K-10K,31-40
male,2,own,domestic appliances,bad,45-60,0-5K,41-80
male,2,free,car,bad,45-60,0-5K,41-80
female,2,rent,car,good,45-60,5K-10K,31-40
male,2,own,domestic appliances,good,60-75,0-5K,0-10
female,2,rent,radio/TV,good,15-30,0-5K,0-10
male,3,own,vacation/others,good,30-45,15K-20K,31-40
male,2,own,radio/TV,bad,15-30,0-5K,11-20
male,2,own,car,good,15-30,0-5K,11-20
male,2,own,radio/TV,good,15-30,0-5K,11-20
male,2,own,furniture/equipment,bad,30-45,0-5K,31-40
male,1,own,car,good,45-60,0-5K,0-10
male,3,own,furniture/equipment,good,30-45,0-5K,11-20
male,2,own,car,good,30-45,0-5K,21-30
female,2,rent,car,bad,30-45,0-5K,11-20
male,2,own,business,bad,30-45,0-5K,11-20
male,2,free,car,bad,45-60,5K-10K,31-40
male,2,free,business,good,30-45,5K-10K,41-80
male,2,own,business,good,30-45,0-5K,21-30
female,2,rent,car,bad,15-30,0-5K,11-20
male,2,rent,business,bad,15-30,10K-15K,41-80
female,2,own,radio/TV,good,30-45,5K-10K,21-30
female,1,own,radio/TV,bad,15-30,0-5K,11-20
male,2,own,car,bad,45-60,0-5K,11-20
female,2,own,radio/TV,good,15-30,0-5K,11-20
female,1,rent,furniture/equipment,good,15-30,0-5K,0-10
male,2,own,car,good,60-75,0-5K,21-30
male,2,own,radio/TV,good,45-60,0-5K,21-30
male,2,own,furniture/equipment,bad,15-30,5K-10K,31-40
male,1,own,car,good,15-30,0-5K,21-30
female,2,own,repairs,bad,15-30,0-5K,11-20
male,2,own,business,good,45-60,0-5K,21-30
male,2,own,furniture/equipment,good,45-60,0-5K,11-20
male,2,own,furniture/equipment,good,30-45,0-5K,21-30
male,2,rent,car,bad,60-75,5K-10K,11-20
male,2,own,car,good,15-30,0-5K,21-30
male,2,own,radio/TV,good,45-60,0-5K,0-10
male,1,own,radio/TV,bad,45-60,0-5K,11-20
male,2,rent,car,bad,30-45,0-5K,21-30
male,2,own,car,good,30-45,0-5K,21-30
male,2,free,radio/TV,good,30-45,0-5K,11-20
male,1,free,car,bad,30-45,0-5K,11-20
male,2,own,car,good,45-60,10K-15K,31-40
male,2,own,car,good,30-45,0-5K,21-30
female,2,own,education,good,30-45,0-5K,11-20
male,2,free,furniture/equipment,good,15-30,0-5K,11-20
female,2,own,car,bad,15-30,0-5K,11-20
male,2,rent,car,good,15-30,0-5K,0-10
male,2,own,car,good,15-30,5K-10K,21-30
male,2,own,business,bad,15-30,0-5K,11-20
female,2,own,radio/TV,bad,30-45,0-5K,21-30
male,1,own,furniture/equipment,good,30-45,0-5K,21-30
male,1,rent,furniture/equipment,bad,15-30,0-5K,11-20
female,2,rent,furniture/equipment,good,15-30,0-5K,11-20
female,2,own,radio/TV,good,15-30,0-5K,11-20
male,2,own,furniture/equipment,good,30-45,0-5K,11-20
male,2,own,business,good,30-45,5K-10K,31-40
female,2,rent,furniture/equipment,good,15-30,0-5K,11-20
female,2,own,furniture/equipment,good,30-45,5K-10K,31-40
male,2,own,car,good,45-60,0-5K,0-10
male,2,own,business,good,15-30,0-5K,21-30
female,2,own,domestic appliances,good,15-30,0-5K,11-20
male,1,own,furniture/equipment,good,15-30,0-5K,11-20
female,2,own,car,good,30-45,0-5K,11-20
male,3,free,radio/TV,good,30-45,0-5K,11-20
male,2,own,radio/TV,good,15-30,0-5K,31-40
male,3,free,car,bad,15-30,0-5K,0-10
male,2,own,radio/TV,good,30-45,5K-10K,31-40
male,3,own,car,good,30-45,5K-10K,21-30
male,2,free,car,good,45-60,5K-10K,21-30
male,2,own,car,good,30-45,0-5K,31-40
female,0,own,radio/TV,good,60-75,0-5K,11-20
male,2,own,furniture/equipment,bad,30-45,0-5K,21-30
female,2,own,education,bad,45-60,0-5K,11-20
male,2,own,business,good,30-45,0-5K,21-30
male,2,own,business,bad,15-30,15K-20K,41-80
male,3,own,car,good,30-45,5K-10K,31-40
male,2,rent,car,good,30-45,5K-10K,21-30
male,3,own,business,good,30-45,0-5K,21-30
male,2,own,radio/TV,good,45-60,0-5K,11-20
male,1,own,car,good,30-45,0-5K,11-20
male,2,own,car,good,30-45,5K-10K,31-40
male,2,own,radio/TV,good,15-30,0-5K,11-20
male,3,own,car,good,30-45,5K-10K,31-40
female,3,rent,radio/TV,good,15-30,0-5K,21-30
female,2,own,furniture/equipment,good,30-45,0-5K,11-20
female,1,rent,furniture/equipment,good,30-45,0-5K,11-20
male,2,own,furniture/equipment,bad,30-45,0-5K,11-20
male,2,rent,car,bad,30-45,0-5K,11-20
male,2,own,car,good,30-45,0-5K,21-30
male,2,free,car,good,30-45,10K-15K,31-40
male,2,rent,radio/TV,good,30-45,0-5K,11-20
male,3,own,radio/TV,good,30-45,0-5K,21-30
male,3,rent,radio/TV,good,15-30,0-5K,11-20
male,1,own,car,good,15-30,0-5K,21-30
male,2,own,education,good,15-30,0-5K,31-40
female,1,own,car,good,45-60,0-5K,11-20
female,1,own,car,good,30-45,0-5K,0-10
female,2,own,radio/TV,good,30-45,0-5K,31-40
female,1,own,furniture/equipment,bad,15-30,0-5K,21-30
female,2,own,radio/TV,good,15-30,0-5K,31-40
male,2,own,business,good,15-30,0-5K,11-20
male,2,rent,business,bad,30-45,0-5K,21-30
female,3,own,vacation/others,bad,30-45,15K-20K,41-80
male,2,own,car,good,30-45,0-5K,11-20
male,3,own,car,bad,60-75,10K-15K,0-10
male,2,own,furniture/equipment,bad,30-45,0-5K,21-30
male,3,rent,furniture/equipment,bad,30-45,0-5K,21-30
female,2,own,furniture/equipment,good,15-30,0-5K,11-20
male,3,own,radio/TV,good,30-45,10K-15K,41-80
female,2,rent,radio/TV,bad,15-30,0-5K,0-10
male,2,rent,car,good,30-45,0-5K,11-20
male,2,own,furniture/equipment,bad,45-60,5K-10K,21-30
male,2,own,car,bad,45-60,0-5K,11-20
female,2,rent,furniture/equipment,good,15-30,0-5K,11-20
male,2,free,car,bad,30-45,10K-15K,41-80
male,2,own,radio/TV,good,45-60,0-5K,31-40
male,1,own,car,good,30-45,0-5K,11-20
male,1,own,furniture/equipment,good,15-30,0-5K,21-30
female,2,own,radio/TV,bad,15-30,0-5K,0-10
male,2,own,car,good,30-45,0-5K,0-10
male,2,own,radio/TV,good,30-45,0-5K,11-20
female,2,own,radio/TV,good,15-30,0-5K,11-20
male,3,own,radio/TV,bad,30-45,0-5K,31-40
female,1,own,radio/TV,bad,15-30,0-5K,0-10
male,3,rent,radio/TV,good,30-45,0-5K,0-10
male,2,free,education,bad,30-45,5K-10K,41-80
male,3,own,car,good,45-60,5K-10K,21-30
male,3,own,car,good,45-60,0-5K,11-20
male,1,own,car,good,30-45,0-5K,11-20
male,2,own,furniture/equipment,good,30-45,0-5K,21-30
male,1,own,car,good,30-45,0-5K,0-10
female,2,rent,furniture/equipment,good,45-60,0-5K,11-20
female,2,own,car,good,30-45,5K-10K,41-80
male,2,free,furniture/equipment,bad,30-45,0-5K,21-30
male,3,own,car,good,30-45,0-5K,11-20
male,1,own,furniture/equipment,bad,30-45,0-5K,11-20
male,2,own,radio/TV,bad,30-45,0-5K,21-30
male,0,own,business,good,30-45,0-5K,11-20
male,2,own,business,bad,15-30,0-5K,31-40
female,2,rent,car,bad,15-30,0-5K,21-30
female,3,own,furniture/equipment,bad,15-30,10K-15K,31-40
female,2,own,car,good,15-30,0-5K,11-20
female,3,rent,radio/TV,good,45-60,0-5K,21-30
male,1,own,radio/TV,good,45-60,0-5K,31-40
male,1,own,radio/TV,good,30-45,0-5K,0-10
male,1,own,car,bad,45-60,0-5K,21-30
male,2,free,furniture/equipment,good,30-45,0-5K,21-30
male,2,rent,radio/TV,good,30-45,0-5K,0-10
male,2,own,car,good,45-60,0-5K,21-30
male,2,own,car,good,15-30,0-5K,11-20
male,2,own,radio/TV,bad,30-45,0-5K,21-30
male,1,own,repairs,good,15-30,0-5K,0-10
female,2,own,radio/TV,good,15-30,0-5K,31-40
male,1,own,radio/TV,bad,15-30,0-5K,21-30
female,3,rent,radio/TV,good,45-60,0-5K,11-20
male,2,rent,radio/TV,good,15-30,5K-10K,41-80
male,1,own,car,good,30-45,0-5K,11-20
male,2,own,repairs,good,15-30,0-5K,11-20
male,1,own,car,good,30-45,5K-10K,21-30
female,0,rent,car,bad,15-30,0-5K,21-30
male,2,rent,business,bad,30-45,5K-10K,41-80
female,2,own,radio/TV,good,30-45,0-5K,31-40
female,1,own,radio/TV,good,45-60,0-5K,21-30
female,2,own,radio/TV,good,60-75,0-5K,0-10
male,2,own,business,good,30-45,0-5K,11-20
male,1,own,car,bad,45-60,0-5K,21-30
male,2,rent,car,bad,15-30,0-5K,11-20
male,2,own,furniture/equipment,bad,45-60,5K-10K,31-40
male,3,rent,business,bad,30-45,0-5K,41-80
female,3,own,car,good,15-30,0-5K,21-30
male,2,own,car,bad,15-30,5K-10K,31-40
male,1,own,furniture/equipment,good,30-45,0-5K,21-30
female,2,rent,furniture/equipment,good,15-30,0-5K,11-20
male,2,own,business,good,30-45,5K-10K,41-80
female,2,own,radio/TV,good,60-75,0-5K,11-20
male,3,free,car,good,15-30,5K-10K,21-30
male,1,own,radio/TV,good,45-60,0-5K,21-30
male,1,own,education,good,30-45,0-5K,11-20
male,1,own,radio/TV,good,30-45,0-5K,11-20
male,1,rent,radio/TV,good,15-30,0-5K,11-20
male,3,own,furniture/equipment,good,30-45,0-5K,31-40
male,2,own,car,good,45-60,0-5K,11-20
female,1,own,furniture/equipment,good,30-45,0-5K,11-20
male,3,own,car,good,30-45,0-5K,31-40
male,2,own,radio/TV,good,30-45,0-5K,11-20
male,2,free,radio/TV,bad,15-30,0-5K,41-80
male,2,own,car,good,15-30,0-5K,41-80
